Store,Frequency,Monetary,Recency
1,6.661854740545311,15.128388438564217,0.0
2,6.665683717782408,15.172339804953753,0.0
3,6.659293919683638,15.503438342276993,0.0
4,6.665683717782408,15.837919736682945,0.0
5,6.659293919683638,15.10826839043029,0.0
6,6.660575149839686,15.273604282020562,0.0
7,6.668228248417403,15.75139966366635,0.0
8,6.665683717782408,15.284043214689538,0.0
9,6.659293919683638,15.44711340329147,0.0
10,6.665683717782408,15.289276044539937,0.0
11,6.665683717782408,15.65547065253853,0.0
12,6.665683717782408,15.598943121204966,0.0
13,6.432940092739179,14.955449993541684,0.0
14,6.659293919683638,15.272071146176314,0.0
15,6.665683717782408,15.470210704448453,0.0
16,6.656726524178391,15.601904324187245,0.0
17,6.663132695990803,15.415804592274771,0.0
18,6.663132695990803,15.450643117369934,0.0
19,6.659293919683638,15.432156430526582,0.0
20,6.429719478039138,15.384448090821156,0.0
21,6.656726524178391,15.264724317649936,0.0
22,6.429719478039138,14.845668044645786,0.0
23,6.659293919683638,15.274195345672016,0.0
24,6.659293919683638,15.80522923170138,0.0
25,6.621405651764134,15.940947648224743,0.0
26,6.663132695990803,15.46748425953335,0.0
27,6.659293919683638,15.814800323522826,0.0
28,6.645090969505644,15.221840607454796,0.0
29,6.659293919683638,15.562475046638031,0.0
30,6.656726524178391,15.229917773534254,0.0
31,6.665683717782408,15.340728249052649,0.0
32,6.432940092739179,14.742194294974105,0.0
33,6.659293919683638,15.698352951395023,0.0
34,6.665683717782408,15.655534021212492,0.0
35,6.659293919683638,15.838208981909736,0.0
36,6.434546518787453,15.577529461766192,0.0
37,6.660575149839686,15.529138020743838,0.0
38,6.659293919683638,15.358299563963438,0.0
39,6.659293919683638,15.14527530750663,0.0
40,6.655440350367647,15.151620483369747,0.0
41,6.434546518787453,15.014995707814824,0.0
42,6.659293919683638,15.886008348269797,0.0
43,6.659293919683638,15.486053165196626,0.0
44,6.665683717782408,15.272995873016894,0.0
45,6.659293919683638,15.242577072362366,0.0
46,6.434546518787453,15.018220365044865,0.0
47,6.665683717782408,15.538591570557562,0.0
48,6.665683717782408,14.942067077546433,0.0
49,6.656726524178391,15.551633454764085,0.0
50,6.659293919683638,15.014112967500207,0.0
51,6.434546518787453,15.239107688389211,0.0
52,6.434546518787453,15.343248707233073,0.0
53,6.665683717782408,15.23320910493614,0.0
54,6.666956792429207,15.64125574754795,0.0
55,6.660575149839686,15.092886135849843,0.0
56,6.661854740545311,15.559180542489695,0.0
57,6.646390514847729,15.914219534730877,0.0
58,6.436150368369428,15.188574785553573,0.0
59,6.663132695990803,15.274596864940746,0.0
60,6.660575149839686,15.650618268063523,0.0
61,6.656726524178391,15.115429430783552,0.0
62,6.659293919683638,15.438163367741096,0.0
63,6.665683717782408,15.511824821605767,0.0
64,6.659293919683638,15.903672838224777,0.0
65,6.660575149839686,15.19881520433758,0.0
66,6.656726524178391,15.373836001766124,0.0
67,6.656726524178391,15.62102170462192,0.0
68,6.665683717782408,15.595465797263067,0.0
69,6.661854740545311,15.811850342847142,0.0
70,6.663132695990803,15.457895506669136,0.0
71,6.659293919683638,15.769756722837265,0.0
72,6.436150368369428,14.82844766744182,0.0
73,6.665683717782408,15.093203602142621,0.0
74,6.655440350367647,15.395549731346033,0.0
75,6.665683717782408,15.367825373581832,0.0
76,6.436150368369428,15.539476257923445,0.0
77,6.661854740545311,15.599302369543022,0.0
78,6.660575149839686,14.880093700609994,0.0
79,6.656726524178391,15.263249439985582,0.0
80,6.659293919683638,15.596053691960362,0.0
81,6.434546518787453,15.284559101232187,0.0
82,6.659293919683638,15.765172374989966,0.0
83,6.659293919683638,14.923585930086944,0.0
84,6.659293919683638,16.127325227080686,0.0
85,6.849066282633458,15.739854534162092,0.0
86,6.658011045870748,15.110984843656704,0.0
87,6.665683717782408,15.34119461827238,0.0
88,6.660575149839686,15.362872833869078,0.0
89,6.434546518787453,15.127666869555046,0.0
90,6.658011045870748,15.694707938203388,0.0
91,6.658011045870748,15.279900732788956,0.0
92,6.659293919683638,15.356973223812666,0.0
93,6.659293919683638,15.351705078233792,0.0
94,6.659293919683638,15.528834860066178,0.0
95,6.660575149839686,15.600256321897096,0.0
96,6.660575149839686,15.211253639003086,0.0
97,6.660575149839686,15.469663676525776,0.0
98,6.659293919683638,15.196939351384017,0.0
99,6.434546518787453,14.975902879136115,0.0
100,6.408528791059498,15.389618657864261,0.0
101,6.665683717782408,15.583043076997726,0.0
102,6.646390514847729,15.51005348142656,0.0
103,6.448889394146858,14.900386939518441,0.0
104,6.665683717782408,15.887323828222986,0.0
105,6.626717749249025,15.024110241755587,0.0
106,6.654152520183219,15.720351062789055,0.0
107,6.665683717782408,15.565038532849297,0.0
108,6.434546518787453,15.741800191711441,0.0
109,6.665683717782408,15.438462937215824,0.0
110,6.665683717782408,15.08386393345434,0.0
111,6.661854740545311,15.481089455722309,0.0
112,6.665683717782408,15.401452386681736,0.0
113,6.434546518787453,15.314648442076106,0.0
114,6.665683717782408,15.24861789180294,0.0
115,6.434546518787453,15.33834253847751,0.0
116,6.664409020350408,15.558015004993143,0.0
117,6.659293919683638,14.922105897123222,0.0
118,6.663132695990803,15.621372945230522,0.0
119,6.665683717782408,15.36477119850604,0.0
120,6.661854740545311,15.529847259476888,0.0
121,6.660575149839686,15.060666091737797,0.0
122,6.786716950605081,15.55928423942544,0.0
123,6.645090969505644,15.679682157456785,0.0
124,6.659293919683638,15.052843957675417,0.0
125,6.665683717782408,16.043381802991217,0.0
126,6.659293919683638,15.438760838924669,0.0
127,6.436150368369428,14.998271268162165,0.0
128,6.661854740545311,15.577171579368295,0.0
129,6.434546518787453,15.560781312654854,0.0
130,6.661854740545311,15.201692662783662,0.0
131,6.659293919683638,15.228821901403755,0.0
132,6.434546518787453,15.178583885689804,0.0
133,6.663132695990803,15.436439989248589,0.0
134,6.665683717782408,15.125220806901392,0.0
135,6.661854740545311,15.352127853862093,0.0
136,6.434546518787453,15.043408656176624,0.0
137,6.434546518787453,15.453932350122082,0.0
138,6.660575149839686,15.559695598716688,0.0
139,6.434546518787453,15.20696707221538,0.0
140,6.661854740545311,15.579098407368214,0.0
141,6.656726524178391,15.275324164400818,0.0
142,6.659293919683638,15.092684566311085,0.0
143,6.659293919683638,15.408655660480719,0.0
144,6.439350371100098,15.389089141457864,0.0
145,6.411818267709897,15.439264899522005,0.0
146,6.659293919683638,15.621533813981276,0.0
147,6.659293919683638,15.671430977058838,0.0
148,6.665683717782408,15.728447295916729,0.0
149,6.434546518787453,15.057638892953381,0.0
150,6.665683717782408,15.702446561702883,0.0
151,6.660575149839686,15.47744547004199,0.0
152,6.659293919683638,15.27811111622713,0.0
153,6.659293919683638,15.521176047446954,0.0
154,6.661854740545311,15.735963109045352,0.0
155,6.436150368369428,15.27191616495728,0.0
156,6.663132695990803,15.51002115266658,0.0
157,6.659293919683638,15.840239149102223,0.0
158,6.659293919683638,15.664626412175439,0.0
159,6.436150368369428,15.389815263995587,0.0
160,6.661854740545311,15.314161033382987,0.0
161,6.659293919683638,15.547126279320818,0.0
162,6.661854740545311,15.618360302121697,0.0
163,6.665683717782408,15.559861632938995,0.0
164,6.436150368369428,15.16849810431053,0.0
165,6.434546518787453,14.726198423053617,0.0
166,6.659293919683638,15.326937326271715,0.0
167,6.660575149839686,15.796609815152872,0.0
168,6.656726524178391,15.580382611950437,0.0
169,6.642486801367256,15.525644122479036,0.0
170,6.659293919683638,15.177091031267476,0.0
171,6.659293919683638,15.697462131966486,0.0
172,6.434546518787453,15.283984035318575,0.0
173,6.665683717782408,15.680288584720799,0.0
174,6.434546518787453,15.121822147114448,0.0
175,6.665683717782408,15.327354825470845,0.0
176,6.659293919683638,15.229347369465565,0.0
177,6.660575149839686,14.95186682892954,0.0
178,6.660575149839686,15.878586790495344,0.0
179,6.659293919683638,15.552993339541057,0.0
180,6.665683717782408,15.549027908709508,0.0
181,6.436150368369428,15.195892977947413,0.0
182,6.661854740545311,15.23691527319704,0.0
183,6.416732282512326,14.89590354521398,0.0
184,6.656726524178391,15.449401054184138,0.0
185,6.665683717782408,15.542156229503817,0.0
186,6.434546518787453,14.671434959661836,0.0
187,6.665683717782408,15.409492032722413,0.0
188,6.659293919683638,15.17259158466174,0.0
189,6.659293919683638,15.736296726403406,0.0
190,6.434546518787453,15.314631469413927,0.0
191,6.434546518787453,15.263327960730027,0.0
192,6.434546518787453,15.539788869632737,0.0
193,6.656726524178391,15.2425396297953,0.0
194,6.656726524178391,15.137937372792617,0.0
195,6.659293919683638,15.937241177471183,0.0
196,6.663132695990803,15.221405565199206,0.0
197,6.665683717782408,15.495926649856644,0.0
198,6.663132695990803,14.634529747820162,0.0
199,6.659293919683638,15.63965476798067,0.0
200,6.659293919683638,15.610816398045651,0.0
201,6.659293919683638,15.223871158945812,0.0
202,6.661854740545311,15.370996698019175,0.0
203,6.663132695990803,15.482885059159443,0.0
204,6.434546518787453,15.042940187219212,0.0
205,6.665683717782408,15.44961532655949,0.0
206,6.659293919683638,15.53393452583697,0.0
207,6.665683717782408,15.98666707443691,0.0
208,6.665683717782408,14.649311891456792,0.0
209,6.78332520060396,15.410530022359993,0.0
210,6.659293919683638,14.727035953637962,0.0
211,6.665683717782408,16.136678711355604,0.0
212,6.665683717782408,15.135696099005642,0.0
213,6.659293919683638,15.661455452002606,0.0
214,6.659293919683638,15.799202473297296,0.0
215,6.432940092739179,15.181775666110326,0.0
216,6.655440350367647,15.539700963039053,0.0
217,6.665683717782408,15.119915945610336,0.0
218,6.434546518787453,14.953842153415918,0.0
219,6.659293919683638,14.707985123057197,0.0
220,6.655440350367647,15.152455260927157,0.0
221,6.665683717782408,15.333780539622657,0.0
222,6.665683717782408,15.178087624466555,0.0
223,6.663132695990803,15.548246934742837,0.0
224,6.656726524178391,15.454762773977254,0.0
225,6.663132695990803,15.217691801613446,0.0
226,6.661854740545311,15.550337176146474,0.0
227,6.643789733147672,15.346706889721343,0.0
228,6.659293919683638,15.638452752874612,0.0
229,6.659293919683638,15.72278961429173,0.0
230,6.665683717782408,15.595252606380015,0.0
231,6.434546518787453,14.903100658211743,0.0
232,6.641182169740591,14.764548014958534,0.0
233,6.661854740545311,15.812342203727518,0.0
234,6.659293919683638,15.970214360707132,0.0
235,6.661854740545311,15.34927317833254,0.0
236,6.665683717782408,15.53501093455063,0.0
237,6.665683717782408,15.084208178573762,0.0
238,6.641182169740591,15.585173861747165,0.0
239,6.659293919683638,15.189346129677881,0.0
240,6.665683717782408,15.14328478440544,0.0
241,6.659293919683638,15.450291603061991,0.0
242,6.661854740545311,14.977632088243476,0.0
243,6.436150368369428,15.298738099292331,0.0
244,6.659293919683638,15.228005418631607,0.0
245,6.661854740545311,15.7541192590621,0.0
246,6.665683717782408,15.529587365750887,0.0
247,6.661854740545311,15.717381041343344,0.0
248,6.665683717782408,15.695882524482252,0.0
249,6.665683717782408,15.237193056909575,0.0
250,6.661854740545311,15.704934705715113,0.0
251,6.659293919683638,16.5166617488626,0.0
252,6.659293919683638,15.92808279178391,0.0
253,6.659293919683638,15.314396502441117,0.0
254,6.659293919683638,14.666371491631425,0.0
255,6.659293919683638,15.401723240674972,0.0
256,6.655440350367647,15.847639686812132,0.0
257,6.665683717782408,15.246563156425939,0.0
258,6.434546518787453,15.070951366415125,0.0
259,6.837332814685591,16.19984815763058,0.0
260,6.665683717782408,15.453154707850993,0.0
261,6.659293919683638,16.10077094108742,0.0
262,6.849066282633458,16.786788394311884,0.0
263,6.434546518787453,14.651057936770224,0.0
264,6.637258031284457,15.522527347489019,0.0
265,6.659293919683638,15.166129294671633,0.0
266,6.660575149839686,15.046323520910526,0.0
267,6.665683717782408,15.801012642470136,0.0
268,6.665683717782408,15.157550216641162,0.0
269,6.659293919683638,15.800790447529279,0.0
270,6.665683717782408,15.80127775612973,0.0
271,6.660575149839686,15.626503865307628,0.0
272,6.661854740545311,15.39888043234392,0.0
273,6.659293919683638,15.520161736415801,0.0
274,6.838405200847344,15.148934855934062,0.0
275,6.434546518787453,15.348082760718059,0.0
276,6.660575149839686,14.97588658411603,0.0
277,6.434546518787453,15.203925668704139,0.0
278,6.665683717782408,15.538180722484416,0.0
279,6.436150368369428,15.526226263073386,0.0
280,6.656726524178391,15.398571640309616,0.0
281,6.665683717782408,15.340419464320481,0.0
282,6.665683717782408,15.05571817978287,0.0
283,6.434546518787453,15.302782644332137,0.0
284,6.434546518787453,15.029545469074433,0.0
285,6.661854740545311,15.208283140025113,0.0
286,6.659293919683638,15.160663342252922,0.0
287,6.434546518787453,15.43900797080076,0.0
288,6.434546518787453,15.068046929359888,0.0
289,6.661854740545311,15.412244110686736,0.0
290,6.659293919683638,15.513697170700853,0.0
291,6.660575149839686,15.649366728928024,0.0
292,6.642486801367256,15.302318356615508,3.091042453358316
293,6.664409020350408,15.40471127269015,0.0
294,6.661854740545311,15.32105132793196,0.0
295,6.656726524178391,15.228150067923078,0.0
296,6.661854740545311,15.509007226021852,0.0
297,6.656726524178391,15.507972575440522,0.0
298,6.434546518787453,15.46876265584706,0.0
299,6.78332520060396,15.52017519217472,0.0
300,6.663132695990803,15.526544489221017,0.0
301,6.665683717782408,15.283877641805255,0.0
302,6.661854740545311,14.888026958244254,0.0
303,6.642486801367256,15.371574486561272,0.0
304,6.665683717782408,15.527699985572369,0.0
305,6.661854740545311,15.244930258866853,0.0
306,6.434546518787453,14.815199346642213,0.0
307,6.663132695990803,14.564245224658668,0.0
308,6.645090969505644,15.787259700591642,0.0
309,6.659293919683638,15.507571047345513,0.0
310,6.8001700683022,15.815370192035914,0.0
311,6.661854740545311,15.461229867992978,0.0
312,6.661854740545311,15.285394866319285,0.0
313,6.663132695990803,15.52624758974027,0.0
314,6.659293919683638,15.20237500655342,0.0
315,6.665683717782408,15.019650648297127,0.0
316,6.659293919683638,15.853808829562055,0.0
317,6.434546518787453,15.023288413890773,0.0
318,6.660575149839686,15.585641133285996,0.0
319,6.665683717782408,15.624629967674375,0.0
320,6.665683717782408,16.269117354928042,0.0
321,6.660575149839686,15.35183763171103,0.0
322,6.663132695990803,15.183273773112903,0.0
323,6.659293919683638,15.562554351011483,0.0
324,6.660575149839686,15.305405637206224,0.0
325,6.659293919683638,15.43520370525864,0.0
326,6.659293919683638,15.176983654468476,0.0
327,6.656726524178391,15.609363501012723,0.0
328,6.659293919683638,15.054624225701762,0.0
329,6.659293919683638,15.49912916847893,0.0
330,6.659293919683638,14.992876107942548,0.0
331,6.659293919683638,15.38398229881844,0.0
332,6.660575149839686,14.883073430644636,0.0
333,6.665683717782408,15.851807357549761,0.0
334,6.659293919683638,15.257408249408272,0.0
335,6.849066282633458,16.34457220165396,0.0
336,6.660575149839686,16.199704854113808,0.0
337,6.661854740545311,15.187650212215786,0.0
338,6.661854740545311,15.544902126330905,0.0
339,6.626717749249025,15.171611655614655,0.0
340,6.665683717782408,15.441755438714745,0.0
341,6.659293919683638,15.272609548346377,0.0
342,6.432940092739179,15.746404381370859,0.0
343,6.659293919683638,15.539759449422172,0.0
344,6.665683717782408,15.710005600701987,0.0
345,6.434546518787453,14.857927380773878,0.0
346,6.659293919683638,15.487164484102294,0.0
347,6.656726524178391,15.132684450171293,0.0
348,6.393590753950631,15.474762300918771,0.0
349,6.55250788703459,15.557983840023827,0.0
350,6.661854740545311,15.516115168736373,0.0
351,6.659293919683638,15.36530695267671,0.0
352,6.665683717782408,15.473111962059125,0.0
353,6.836259277277067,15.474837839744193,0.0
354,6.659293919683638,15.69287630638312,0.0
355,6.665683717782408,15.785788388776872,0.0
356,6.656726524178391,15.307039101762316,0.0
357,6.643789733147672,15.605087981594794,0.0
358,6.659293919683638,15.89850353582248,0.0
359,6.659293919683638,15.490198425906488,0.0
360,6.665683717782408,15.508811747316777,0.0
361,6.660575149839686,15.402328558279528,0.0
362,6.661854740545311,15.806553715750423,0.0
363,6.665683717782408,15.537064635185105,0.0
364,6.646390514847729,15.071255362080045,0.0
365,6.432940092739179,15.032974940272222,0.0
366,6.660575149839686,15.391076435528447,0.0
367,6.665683717782408,15.231199630193593,0.0
368,6.656726524178391,15.833905076128637,0.0
369,6.661854740545311,15.493536406576755,0.0
370,6.659293919683638,15.600425490031661,0.0
371,6.661854740545311,15.498366390235036,0.0
372,6.659293919683638,15.738949539477792,0.0
373,6.656726524178391,15.074028932291382,0.0
374,6.665683717782408,15.519455600571913,0.0
375,6.660575149839686,15.78237407252274,0.0
376,6.652863029353347,15.69469068152767,0.0
377,6.665683717782408,15.628660608707854,0.0
378,6.659293919683638,15.410245103745554,0.0
379,6.665683717782408,14.933710418125983,0.0
380,6.659293919683638,16.23691610386685,0.0
381,6.660575149839686,15.764446695523485,0.0
382,6.660575149839686,15.644720263720002,0.0
383,6.660575149839686,16.41745033266624,0.0
384,6.663132695990803,15.752462559503988,0.0
385,6.434546518787453,15.335194426643477,0.0
386,6.659293919683638,15.648893940090076,0.0
387,6.641182169740591,15.785659558139207,0.0
388,6.659293919683638,15.893816580185845,0.0
389,6.665683717782408,15.907932982247768,0.0
390,6.660575149839686,16.01534871691863,0.0
391,6.643789733147672,15.295436417964476,0.0
392,6.659293919683638,15.55081889258321,0.0
393,6.659293919683638,15.341238546700366,0.0
394,6.661854740545311,15.690980768628004,0.0
395,6.659293919683638,14.949341008973512,0.0
396,6.660575149839686,15.89160061468738,0.0
397,6.659293919683638,15.284037918623929,0.0
398,6.665683717782408,15.276280234473383,0.0
399,6.434546518787453,15.056086710823486,0.0
400,6.663132695990803,15.738174451521758,0.0
401,6.660575149839686,15.516742658158725,0.0
402,6.660575149839686,15.334856133941793,0.0
403,6.659293919683638,15.576463852304897,0.0
404,6.633318433280377,15.105290164070341,0.0
405,6.659293919683638,15.074433372734804,0.0
406,6.659293919683638,15.375866623693728,0.0
407,6.434546518787453,14.698267670467356,0.0
408,6.656726524178391,15.116650544071298,0.0
409,6.661854740545311,15.278040697280698,0.0
410,6.659293919683638,15.428897064430142,0.0
411,6.661854740545311,15.78026475177299,0.0
412,6.434546518787453,15.549203141993681,0.0
413,6.434546518787453,15.294888075457107,0.0
414,6.661854740545311,15.428990490417954,0.0
415,6.660575149839686,15.397201457874166,0.0
416,6.665683717782408,15.971150581587349,0.0
417,6.659293919683638,15.598284275982603,0.0
418,6.655440350367647,15.225048189202038,0.0
419,6.665683717782408,15.241974460803375,0.0
420,6.434546518787453,14.853697809064354,0.0
421,6.665683717782408,15.832702955881146,0.0
422,6.665683717782408,15.089281029841914,0.0
423,6.849066282633458,16.137933277642013,0.0
424,6.659293919683638,15.501013740080653,0.0
425,6.655440350367647,14.736758980157656,0.0
426,6.659293919683638,15.188791105556039,0.0
427,6.436150368369428,15.376124125644793,0.0
428,6.434546518787453,15.179259929948746,0.0
429,6.434546518787453,15.012384122212364,0.0
430,6.434546518787453,15.49622635591784,0.0
431,6.659293919683638,15.81967869864193,0.0
432,6.665683717782408,15.968501308575878,0.0
433,6.760414691083428,15.346136188773478,0.0
434,6.434546518787453,15.633717359523747,0.0
435,6.659293919683638,14.752906206043086,0.0
436,6.660575149839686,15.273520513926897,0.0
437,6.660575149839686,15.564021653894454,0.0
438,6.660575149839686,15.206768828475171,0.0
439,6.665683717782408,15.559345788001623,0.0
440,6.656726524178391,15.203372190272798,0.0
441,6.659293919683638,15.410806340217361,0.0
442,6.656726524178391,15.04004687650909,0.0
443,6.660575149839686,15.225486288833485,0.0
444,6.656726524178391,16.06370556646221,0.0
445,6.655440350367647,15.713687683879625,0.0
446,6.659293919683638,15.161544745879421,0.0
447,6.665683717782408,15.241308524911847,0.0
448,6.659293919683638,15.703956229540218,0.0
449,6.661854740545311,15.989031636153875,0.0
450,6.656726524178391,15.73686890594338,0.0
451,6.661854740545311,15.261985442303414,0.0
452,6.665683717782408,15.211130549902396,0.0
453,6.78897174299217,15.746571283757929,0.0
454,6.660575149839686,15.323893561188596,0.0
455,6.656726524178391,15.560802264160499,0.0
456,6.659293919683638,15.388792240914876,0.0
457,6.434546518787453,14.917724685548986,0.0
458,6.661854740545311,15.594123151161273,0.0
459,6.665683717782408,15.788837549773927,0.0
460,6.660575149839686,14.885067464320427,0.0
461,6.656726524178391,15.139834830032498,0.0
462,6.660575149839686,15.142431701434814,0.0
463,6.659293919683638,15.373181379576492,0.0
464,6.665683717782408,15.937037096241351,0.0
465,6.661854740545311,15.617674545315884,0.0
466,6.659293919683638,15.608591487012905,0.0
467,6.659293919683638,16.166984476927183,0.0
468,6.665683717782408,15.46973348178348,0.0
469,6.665683717782408,16.04882520523692,0.0
470,6.655440350367647,16.135416082506918,0.0
471,6.434546518787453,15.302163018495323,0.0
472,6.665683717782408,15.221717344273904,0.0
473,6.659293919683638,14.833362437027976,0.0
474,6.663132695990803,15.588082620609072,0.0
475,6.655440350367647,15.429673489891334,0.0
476,6.660575149839686,15.333765203163752,0.0
477,6.434546518787453,15.167450247523792,0.0
478,6.665683717782408,15.490108485868328,0.0
479,6.663132695990803,15.988277242383527,0.0
480,6.665683717782408,15.168697620871194,0.0
481,6.661854740545311,15.208371313053934,0.0
482,6.663132695990803,15.69002781492872,0.0
483,6.660575149839686,15.166118672338955,0.0
484,6.665683717782408,15.615676923338283,0.0
485,6.434546518787453,14.923997267013666,0.0
486,6.659293919683638,15.016617459511165,0.0
487,6.665683717782408,15.517974589174688,0.0
488,6.665683717782408,14.876793011308973,0.0
489,6.660575149839686,15.555795663781193,0.0
490,6.434546518787453,15.45087583256676,0.0
491,6.656726524178391,15.472214044399182,0.0
492,6.421622267806518,15.389425743258629,0.0
493,6.659293919683638,15.681500027614584,0.0
494,6.849066282633458,15.790374333113794,0.0
495,6.656726524178391,15.20310831928895,0.0
496,6.665683717782408,15.61713108013295,0.0
497,6.661854740545311,15.772433980528346,0.0
498,6.434546518787453,15.286110451074833,0.0
499,6.656726524178391,15.203354717525915,0.0
500,6.434546518787453,15.018546523593844,0.0
501,6.434546518787453,15.0230457095898,0.0
502,6.652863029353347,15.94104923610548,0.0
503,6.660575149839686,15.468888032251597,0.0
504,6.665683717782408,15.470257726086443,0.0
505,6.656726524178391,15.126858018205048,0.0
506,6.659293919683638,15.591456990883849,0.0
507,6.659293919683638,15.700615551050701,0.0
508,6.655440350367647,15.474069246576299,0.0
509,6.661854740545311,15.380719637522324,0.0
510,6.659293919683638,15.669502923668931,0.0
511,6.665683717782408,15.305998253851309,0.0
512,6.61472560020376,15.227881938794283,0.0
513,6.665683717782408,16.47243636269556,0.0
514,6.434546518787453,15.090940115925084,0.0
515,6.659293919683638,15.769431676206366,0.0
516,6.659293919683638,15.33716763381426,0.0
517,6.633318433280377,15.325236858487331,0.0
518,6.436150368369428,15.111325626730228,0.0
519,6.665683717782408,15.24106313153434,0.0
520,6.665683717782408,14.92534991985881,0.0
521,6.659293919683638,15.210767385922686,0.0
522,6.436150368369428,15.449223630013718,0.0
523,6.665683717782408,16.31497703056844,0.0
524,6.782192056006791,15.731437527599928,0.0
525,6.664409020350408,15.896508512804521,0.0
526,6.663132695990803,15.933312105957045,0.0
527,6.661854740545311,15.941811472463566,0.0
528,6.659293919683638,15.936425441991306,0.0
529,6.665683717782408,15.62933268040427,0.0
530,6.810142450115136,15.250285035193665,0.0
531,6.665683717782408,15.161794574253832,0.0
532,6.659293919683638,15.954058039434791,0.0
533,6.656726524178391,15.831153038372024,0.0
534,6.436150368369428,15.359809235535103,0.0
535,6.659293919683638,15.659575750567317,0.0
536,6.659293919683638,15.68486296740361,0.0
537,6.656726524178391,15.282416695576552,0.0
538,6.665683717782408,14.922578992439922,0.0
539,6.434546518787453,15.7664679482411,0.0
540,6.434546518787453,15.072172487053125,0.0
541,6.659293919683638,15.470975582758223,0.0
542,6.434546518787453,15.172739585067147,0.0
543,6.661854740545311,14.594508775913491,0.0
544,6.660575149839686,16.21283384903046,0.0
545,6.659293919683638,15.929941034903916,0.0
546,6.665683717782408,16.188211465042496,0.0
547,6.434546518787453,15.090328517240474,0.0
548,6.645090969505644,15.175482247419076,0.0
549,6.665683717782408,15.107464294109617,0.0
550,6.661854740545311,15.355684990871799,0.0
551,6.665683717782408,15.453060401183334,0.0
552,6.661854740545311,15.612386747755746,0.0
553,6.656726524178391,15.514604879537567,0.0
554,6.665683717782408,15.072013950913455,0.0
555,6.436150368369428,14.985921201290859,0.0
556,6.664409020350408,15.542013915314763,0.0
557,6.658011045870748,15.042233699640716,0.0
558,6.665683717782408,14.748208354810808,0.0
559,6.660575149839686,15.339109714710483,0.0
560,6.617402977974478,16.134835455342504,0.0
561,6.659293919683638,15.499289786753792,0.0
562,6.849066282633458,16.644439619929273,0.0
563,6.655440350367647,15.269106260740847,0.0
564,6.659293919683638,15.275613542866205,0.0
565,6.659293919683638,15.458338758067551,0.0
566,6.665683717782408,15.162346057575816,0.0
567,6.659293919683638,15.22237514385887,0.0
568,6.661854740545311,15.152962828566583,0.0
569,6.665683717782408,15.080578367576638,0.0
570,6.659293919683638,15.077680852769667,0.0
571,6.434546518787453,15.387452604839845,0.0
572,6.655440350367647,15.491797632447936,0.0
573,6.434546518787453,14.720663494227972,0.0
574,6.656726524178391,15.749046750127539,0.0
575,6.436150368369428,15.0226767579703,0.0
576,6.665683717782408,15.515574058252353,0.0
577,6.665683717782408,15.172242216835015,0.0
578,6.804614520062624,15.811042905904497,0.0
579,6.659293919683638,15.681340784367867,0.0
580,6.665683717782408,15.894322901740619,0.0
581,6.659293919683638,15.239815284677649,0.0
582,6.663132695990803,15.518812514142727,0.0
583,6.660575149839686,15.028429922207117,0.0
584,6.661854740545311,15.123290522115308,0.0
585,6.665683717782408,15.308262732490554,0.0
586,6.655440350367647,16.278716951095852,0.0
587,6.436150368369428,15.610635690321963,0.0
588,6.665683717782408,15.389366058592596,0.0
589,6.6293632534374485,15.078839226632994,0.0
590,6.656726524178391,15.169462754380659,0.0
591,6.656726524178391,15.303785755053074,0.0
592,6.659293919683638,15.058336026952723,0.0
593,6.665683717782408,15.82429342182903,0.0
594,6.665683717782408,14.996685453614205,0.0
595,6.665683717782408,16.28148775412898,0.0
596,6.665683717782408,15.077534227776693,0.0
597,6.659293919683638,15.19112205999769,0.0
598,6.434546518787453,15.114340803260138,0.0
599,6.665683717782408,15.851452957050386,0.0
600,6.665683717782408,15.51759127774386,0.0
601,6.661854740545311,15.152608634959186,0.0
602,6.661854740545311,15.408906889491917,0.0
603,6.639875833826536,15.48266118614019,0.0
604,6.434546518787453,15.41562554668418,0.0
605,6.658011045870748,15.514204176995133,0.0
606,6.665683717782408,15.336760110126495,0.0
607,6.663132695990803,14.931076648634631,0.0
608,6.660575149839686,15.799959731832203,0.0
609,6.665683717782408,15.106458263614611,0.0
610,6.659293919683638,15.000286781310857,0.0
611,6.434546518787453,15.097225764750723,0.0
612,6.436150368369428,15.261587774950323,0.0
613,6.663132695990803,15.475943440291598,0.0
614,6.660575149839686,15.45269611892766,0.0
615,6.661854740545311,15.841736168701159,0.0
616,6.659293919683638,15.70436240581526,0.0
617,6.660575149839686,15.416946540179316,0.0
618,6.661854740545311,15.489740022021032,0.0
619,6.434546518787453,14.800148299468173,0.0
620,6.434546518787453,15.391450423510582,0.0
621,6.659293919683638,15.343465058742403,0.0
622,6.665683717782408,15.034948064969775,0.0
623,6.642486801367256,15.515501169498371,0.0
624,6.659293919683638,15.514396775664823,0.0
625,6.659293919683638,15.406347133264152,0.0
626,6.660575149839686,15.805898730115176,0.0
627,6.661854740545311,15.358631088024893,0.0
628,6.665683717782408,15.401714643262917,0.0
629,6.434546518787453,15.37575927662722,0.0
630,6.659293919683638,15.502470465281638,0.0
631,6.665683717782408,15.258620413022694,0.0
632,6.665683717782408,15.522176809358603,0.0
633,6.434546518787453,15.315778485696228,0.0
634,6.660575149839686,15.471138495228654,0.0
635,6.660575149839686,15.343567467607283,0.0
636,6.436150368369428,15.12193832090244,0.0
637,6.434546518787453,15.504853137775557,0.0
638,6.428105272684596,15.127603057907622,0.0
639,6.659293919683638,15.120684339048204,0.0
640,6.659293919683638,16.01106373929606,0.0
641,6.659293919683638,15.317449447540909,0.0
642,6.659293919683638,14.861236002516886,0.0
643,6.665683717782408,15.650909648471481,0.0
644,6.385194398997726,15.526965382438494,0.0
645,6.656726524178391,15.936263294486373,0.0
646,6.434546518787453,14.955305416137666,0.0
647,6.665683717782408,15.32562922501926,0.0
648,6.665683717782408,15.455286386527584,0.0
649,6.660575149839686,14.870992286646487,0.0
650,6.434546518787453,15.195587631745582,0.0
651,6.659293919683638,15.596000092711817,0.0
652,6.663132695990803,15.462365635058468,0.0
653,6.659293919683638,15.343343326089508,0.0
654,6.660575149839686,15.435021565992871,0.0
655,6.659293919683638,15.649164086845346,0.0
656,6.661854740545311,14.74550535867274,0.0
657,6.655440350367647,15.362745353413692,0.0
658,6.659293919683638,15.36728333996396,0.0
659,6.661854740545311,15.298917791243635,0.0
660,6.434546518787453,14.870354153746629,0.0
661,6.645090969505644,15.520968216582741,0.0
662,6.665683717782408,15.705090387189921,0.0
663,6.6293632534374485,15.102860995221357,0.0
664,6.660575149839686,15.16570068466234,0.0
665,6.651571873589727,15.665636729276459,0.0
666,6.656726524178391,15.51147601369269,0.0
667,6.664409020350408,15.744104791006736,0.0
668,6.665683717782408,15.762795475877397,0.0
669,6.434546518787453,14.847931404617905,0.0
670,6.432940092739179,15.224632134365725,0.0
671,6.434546518787453,15.121646913097367,0.0
672,6.660575149839686,15.74600869257493,0.0
673,6.656726524178391,15.526948405625928,0.0
674,6.61472560020376,15.625803876073272,0.0
675,6.661854740545311,15.021860634338521,0.0
676,6.823286122355687,15.769543768300554,0.0
677,6.434546518787453,15.412480669374647,0.0
678,6.659293919683638,15.553632232223897,0.0
679,6.665683717782408,15.86912621389222,0.0
680,6.665683717782408,15.221843057861024,0.0
681,6.642486801367256,14.82042626427919,0.0
682,6.849066282633458,16.17233569939838,0.0
683,6.665683717782408,15.785599738272287,0.0
684,6.434546518787453,15.384686943786635,0.0
685,6.659293919683638,15.457454381954634,0.0
686,6.660575149839686,15.399696506400169,0.0
687,6.659293919683638,15.690714787470625,0.0
688,6.660575149839686,14.852371903253893,0.0
689,6.661854740545311,15.520806681824116,0.0
690,6.659293919683638,15.286743545242548,0.0
691,6.659293919683638,15.690541210034644,0.0
692,6.659293919683638,15.451079657500165,0.0
693,6.661854740545311,15.456602357968558,0.0
694,6.434546518787453,15.426059852584338,0.0
695,6.659293919683638,15.250891229874048,0.0
696,6.665683717782408,15.632695704358529,0.0
697,6.659293919683638,15.931905822037587,0.0
698,6.665683717782408,16.317132639921166,0.0
699,6.641182169740591,15.667615394334533,0.0
700,6.6293632534374485,15.008783724776912,0.0
701,6.434546518787453,15.094921856050219,0.0
702,6.434546518787453,14.816367045399051,0.0
703,6.659293919683638,14.756816582069442,0.0
704,6.664409020350408,15.912103912713095,0.0
705,6.659293919683638,15.641108010180897,0.0
706,6.434546518787453,15.08872356318872,0.0
707,6.659293919683638,15.684396486744841,0.0
708,6.5337888379333435,14.961492955381171,0.0
709,6.665683717782408,15.863376676639076,0.0
710,6.434546518787453,14.855087024505027,0.0
711,6.436150368369428,15.275907016220629,0.0
712,6.434546518787453,15.200338344188738,0.0
713,6.659293919683638,15.937696165800638,0.0
714,6.656726524178391,15.079190292568308,0.0
715,6.655440350367647,15.432339290873905,0.0
716,6.434546518787453,15.084154187175255,0.0
717,6.659293919683638,15.280085922020628,0.0
718,6.661854740545311,15.636624439615659,0.0
719,6.434546518787453,15.02405380190097,0.0
720,6.665683717782408,15.541530073512515,0.0
721,6.665683717782408,15.609925996979886,0.0
722,6.665683717782408,15.85827929780626,0.0
723,6.661854740545311,15.518816519923433,0.0
724,6.659293919683638,15.48458512197996,0.0
725,6.665683717782408,15.32091640529258,0.0
726,6.660575149839686,15.969359651919225,0.0
727,6.661854740545311,15.078896050011107,0.0
728,6.656726524178391,15.220606064672749,0.0
729,6.659293919683638,15.92178936204764,0.0
730,6.665683717782408,15.6585037114699,0.0
731,6.655440350367647,15.786448176431142,0.0
732,6.784457062637643,15.451768963785216,0.0
733,6.849066282633458,16.459353489725643,0.0
734,6.659293919683638,15.354274686970173,0.0
735,6.660575149839686,15.275162949387495,0.0
736,6.434546518787453,14.997794653459954,0.0
737,6.659293919683638,15.376985623907276,0.0
738,6.659293919683638,15.706843982958933,0.0
739,6.434546518787453,15.598039052540436,0.0
740,6.661854740545311,15.511118276700044,0.0
741,6.665683717782408,15.602871032453656,0.0
742,6.659293919683638,15.648438841563626,0.0
743,6.660575149839686,14.906406821192183,0.0
744,6.406879986069314,15.322146235104537,0.0
745,6.660575149839686,15.581829476632743,0.0
746,6.661854740545311,15.366660030083647,0.0
747,6.660575149839686,15.649878425143411,0.0
748,6.659293919683638,15.312820887479017,0.0
749,6.659293919683638,15.21247330890296,0.0
750,6.434546518787453,14.949603883597506,0.0
751,6.659293919683638,15.004704592263554,0.0
752,6.659293919683638,15.224310752170247,0.0
753,6.659293919683638,15.730270391850079,0.0
754,6.663132695990803,15.659862793566985,0.0
755,6.661854740545311,15.918106090137957,0.0
756,6.659293919683638,16.373650863278773,0.0
757,6.656726524178391,15.390931601729116,0.0
758,6.652863029353347,15.142085965151734,0.0
759,6.659293919683638,15.513123803062037,0.0
760,6.656726524178391,15.596379270944452,0.0
761,6.665683717782408,15.738870055933766,0.0
762,6.637258031284457,14.90262297586209,0.0
763,6.665683717782408,15.384584287732945,0.0
764,6.643789733147672,14.814083334478164,0.0
765,6.656726524178391,15.70406955191716,0.0
766,6.434546518787453,15.152901923549514,0.0
767,6.665683717782408,15.367816903256873,0.0
768,6.665683717782408,16.136485712425532,0.0
769,6.849066282633458,16.137702278655677,0.0
770,6.659293919683638,15.4341456464145,0.0
771,6.434546518787453,15.246083014401801,0.0
772,6.664409020350408,14.846865254391432,0.0
773,6.661854740545311,15.311618953091026,0.0
774,6.665683717782408,15.275774453084338,0.0
775,6.434546518787453,15.50297080002045,0.0
776,6.655440350367647,15.131524880266946,0.0
777,6.659293919683638,14.949896278579853,0.0
778,6.434546518787453,15.115861063000372,0.0
779,6.660575149839686,15.531153269548568,0.0
780,6.660575149839686,15.44608510946584,0.0
781,6.660575149839686,15.16085427045499,0.0
782,6.659293919683638,15.268476164347987,0.0
783,6.663132695990803,15.495344676750184,0.0
784,6.659293919683638,15.61362827065313,0.0
785,6.659293919683638,15.439339224991297,0.0
786,6.660575149839686,14.837841694319462,0.0
787,6.660575149839686,15.892095022082241,0.0
788,6.665683717782408,16.46041802780529,0.0
789,6.656726524178391,14.781075146533578,0.0
790,6.661854740545311,15.576950157078755,0.0
791,6.659293919683638,15.602923595126704,0.0
792,6.659293919683638,15.565809460772876,0.0
793,6.659293919683638,15.14105228907503,0.0
794,6.660575149839686,14.69321637452286,0.0
795,6.659293919683638,15.081700973448651,0.0
796,6.659293919683638,15.54604671578037,0.0
797,6.434546518787453,14.777738244617282,0.0
798,6.660575149839686,15.577713333281896,0.0
799,6.659293919683638,15.857794736319727,0.0
800,6.659293919683638,15.240511317307886,0.0
801,6.665683717782408,15.150159194179222,0.0
802,6.665683717782408,15.495109406099298,0.0
803,6.646390514847729,15.352520993114155,0.0
804,6.434546518787453,14.934448539720176,0.0
805,6.434546518787453,15.146395533625475,0.0
806,6.434546518787453,15.258836269296317,0.0
807,6.661854740545311,15.852755984368885,0.0
808,6.660575149839686,15.553708372546152,0.0
809,6.659293919683638,15.805796653051823,0.0
810,6.659293919683638,15.34586175561798,0.0
811,6.665683717782408,14.990935419957589,0.0
812,6.660575149839686,15.418142965392638,0.0
813,6.656726524178391,15.32289935488717,0.0
814,6.663132695990803,15.706938876001043,0.0
815,6.434546518787453,15.468431624889389,0.0
816,6.659293919683638,15.201471863627352,0.0
817,6.665683717782408,16.65212212152664,0.0
818,6.661854740545311,15.378351080341586,0.0
819,6.665683717782408,15.378993323766371,0.0
820,6.434546518787453,15.832730891461699,0.0
821,6.665683717782408,15.509104675260529,0.0
822,6.665683717782408,15.618264367333543,0.0
823,6.665683717782408,15.33043337443111,0.0
824,6.665683717782408,15.494120365859578,0.0
825,6.434546518787453,14.858658761312741,0.0
826,6.655440350367647,15.74110283272075,0.0
827,6.664409020350408,16.118117150727198,0.0
828,6.660575149839686,15.215697715720802,0.0
829,6.661854740545311,15.346780204860012,0.0
830,6.660575149839686,15.387538772366806,0.0
831,6.659293919683638,16.10650210476601,0.0
832,6.661854740545311,15.44784043841066,0.0
833,6.659293919683638,15.272576241522632,0.0
834,6.665683717782408,15.341770753715362,0.0
835,6.643789733147672,15.196614974591023,0.0
836,6.660575149839686,15.34301863321551,0.0
837,6.62273632394984,14.774387870560298,0.0
838,6.663132695990803,15.64745950171398,0.0
839,6.665683717782408,15.206716089519803,0.0
840,6.665683717782408,15.562640968602455,0.0
841,6.660575149839686,14.656489639708788,0.0
842,6.434546518787453,16.262501056621137,0.0
843,6.665683717782408,15.820156756689814,0.0
844,6.659293919683638,14.995769805268484,0.0
845,6.655440350367647,15.13645673692622,0.0
846,6.659293919683638,15.787644411698391,0.0
847,6.655440350367647,15.523657956916495,0.0
848,6.638567789166521,15.436709240624644,0.0
849,6.665683717782408,15.67082243728218,0.0
850,6.650279048587422,15.381577814130557,0.0
851,6.434546518787453,15.036946490385116,0.0
852,6.661854740545311,15.095801974891087,0.0
853,6.656726524178391,15.78707355530018,0.0
854,6.660575149839686,15.45064993977522,0.0
855,6.656726524178391,15.314597076557275,0.0
856,6.665683717782408,15.538210546344166,0.0
857,6.661854740545311,15.576050909055517,0.0
858,6.434546518787453,14.900019527381833,0.0
859,6.434546518787453,15.356098374432799,0.0
860,6.663132695990803,15.32424465103636,0.0
861,6.639875833826536,14.799186256004845,0.0
862,6.665683717782408,15.719864216632796,0.0
863,6.78897174299217,15.73783941240087,0.0
864,6.656726524178391,15.014443483409595,0.0
865,6.659293919683638,15.58950821601357,0.0
866,6.661854740545311,15.495988312078278,0.0
867,6.78105762593618,15.153065203642175,0.0
868,6.661854740545311,15.827830645605523,0.0
869,6.660575149839686,15.354350239582837,0.0
870,6.650279048587422,15.492485055347974,0.0
871,6.661854740545311,15.402590380687704,0.0
872,6.659293919683638,15.710106660537015,0.0
873,6.660575149839686,14.910787289842881,0.0
874,6.665683717782408,15.0946694958761,0.0
875,6.659293919683638,15.187461542922067,0.0
876,6.642486801367256,15.771278530057971,2.833213344056216
877,6.693323668269949,15.445376784264823,0.0
878,6.660575149839686,15.732678287161528,0.0
879,6.434546518787453,14.665908038134319,0.0
880,6.656726524178391,15.579039605595744,0.0
881,6.659293919683638,15.001569156802642,0.0
882,6.645090969505644,15.441029475158102,0.0
883,6.659293919683638,15.12783001499957,0.0
884,6.434546518787453,15.052132239696991,0.0
885,6.655440350367647,15.259114168770038,0.0
886,6.659293919683638,15.428717956948738,0.0
887,6.648984550024776,15.486429384315592,0.0
888,6.665683717782408,15.65144862202147,0.0
889,6.660575149839686,14.988816504381665,0.0
890,6.434546518787453,15.086338510474015,0.0
891,6.655440350367647,15.638396047308072,0.0
892,6.660575149839686,15.595087453404377,0.0
893,6.434546518787453,15.196460663958389,0.0
894,6.648984550024776,15.691794829103884,0.0
895,6.656726524178391,15.796362084555593,0.0
896,6.665683717782408,15.509129863424851,0.0
897,6.658011045870748,14.81522731379112,0.0
898,6.663132695990803,15.459015735009576,0.0
899,6.660575149839686,15.228760092104405,0.0
900,6.434546518787453,15.106198895522391,0.0
901,6.665683717782408,15.55054763592778,0.0
902,6.434546518787453,14.927166079298763,0.0
903,6.434546518787453,15.803505309828706,0.0
904,6.434546518787453,15.135244087788497,0.0
905,6.659293919683638,15.709385332847651,0.0
906,6.661854740545311,15.959776829819967,0.0
907,6.659293919683638,15.401662443102927,0.0
908,6.661854740545311,15.011673242550488,0.0
909,6.410174881966167,15.689233043738152,0.0
910,6.660575149839686,15.309059390075761,0.0
911,6.665683717782408,15.863173594433695,0.0
912,6.665683717782408,15.324139580358537,0.0
913,6.655440350367647,15.747078055462039,0.0
914,6.665683717782408,15.824162078536448,0.0
915,6.434546518787453,15.18727588193545,0.0
916,6.655440350367647,15.245010231245299,0.0
917,6.659293919683638,15.468313468741785,0.0
918,6.660575149839686,15.213257339058186,0.0
919,6.432940092739179,15.050427806028763,0.0
920,6.434546518787453,15.092361356903018,0.0
921,6.660575149839686,15.815589441934172,0.0
922,6.654152520183219,15.5628882318707,0.0
923,6.665683717782408,15.24276234443325,0.0
924,6.659293919683638,15.124518014860428,0.0
925,6.645090969505644,15.454014918443773,0.0
926,6.659293919683638,15.548227309755136,0.0
927,6.648984550024776,15.436756282984518,0.0
928,6.659293919683638,15.647041710328642,0.0
929,6.665683717782408,15.332664746253519,0.0
930,6.659293919683638,15.532900944029018,0.0
931,6.775366090936392,14.959808195848337,0.0
932,6.436150368369428,15.343134327993713,0.0
933,6.660575149839686,15.55922670906395,0.0
934,6.659293919683638,15.477324768126042,0.0
935,6.665683717782408,15.303944904396785,0.0
936,6.659293919683638,15.519685213091789,0.0
937,6.661854740545311,15.546970685799813,0.0
938,6.665683717782408,15.813737027937005,0.0
939,6.659293919683638,15.353827478926716,0.0
940,6.660575149839686,15.548408340076264,0.0
941,6.434546518787453,14.956242558752795,0.0
942,6.661854740545311,15.369770588128008,0.0
943,6.659293919683638,15.50726459190724,0.0
944,6.665683717782408,15.642881510545658,0.0
945,6.665683717782408,15.04806090655655,0.0
946,6.659293919683638,15.001666887287087,0.0
947,6.648984550024776,15.682770125127234,0.0
948,6.833031732786201,15.677622085677111,0.0
949,6.665683717782408,15.249262290718171,0.0
950,6.654152520183219,15.308481393488337,0.0
951,6.659293919683638,15.616934508613582,0.0
952,6.434546518787453,15.222912332032102,0.0
953,6.663132695990803,15.241732834034373,0.0
954,6.659293919683638,15.506814683705244,0.0
955,6.659293919683638,15.117479930519842,0.0
956,6.655440350367647,14.91151578453066,0.0
957,6.665683717782408,15.63888609692046,0.0
958,6.665683717782408,15.017772699941355,0.0
959,6.665683717782408,15.525395615194451,0.0
960,6.661854740545311,15.47395442080809,0.0
961,6.659293919683638,15.440937757715465,0.0
962,6.642486801367256,15.44964342444942,0.0
963,6.659293919683638,15.942003491119305,0.0
964,6.650279048587422,15.83502957504973,0.0
965,6.661854740545311,15.706602561018753,0.0
966,6.659293919683638,15.138141748049213,0.0
967,6.659293919683638,15.722304696956176,0.0
968,6.660575149839686,15.540015465397827,0.0
969,6.628041376179533,14.7882262347558,0.0
970,6.661854740545311,14.760962343085415,0.0
971,6.650279048587422,15.670681820059936,0.0
972,6.555356891810665,14.692073696242959,0.0
973,6.659293919683638,15.42844813940673,0.0
974,6.434546518787453,15.786597522922104,0.0
975,6.659293919683638,15.609028480207192,0.0
976,6.659293919683638,15.508093867441593,0.0
977,6.436150368369428,14.905516585446096,0.0
978,6.660575149839686,15.543013955051173,0.0
979,6.663132695990803,15.404502672312198,0.0
980,6.659293919683638,15.514475048283272,0.0
981,6.660575149839686,15.556143911812045,0.0
982,6.660575149839686,15.653749428366103,0.0
983,6.650279048587422,15.887559592269607,0.0
984,6.655440350367647,15.364808368683116,0.0
985,6.656726524178391,15.68990951416031,0.0
986,6.648984550024776,15.384550552611536,0.0
987,6.665683717782408,15.496027058598548,0.0
988,6.665683717782408,15.119316660988396,0.0
989,6.434546518787453,14.997487108754314,0.0
990,6.660575149839686,15.424773655119074,0.0
991,6.659293919683638,15.316142247325528,0.0
992,6.659293919683638,15.309034237441942,0.0
993,6.660575149839686,15.597567105730933,0.0
994,6.659293919683638,15.078587016256536,0.0
995,6.660575149839686,15.7932226226681,0.0
996,6.643789733147672,15.423588946664644,0.0
997,6.661854740545311,15.208863697187562,0.0
998,6.656726524178391,15.025742930253355,0.0
999,6.660575149839686,15.784484397818108,0.0
1000,6.434546518787453,15.349260234901374,0.0
1001,6.663132695990803,15.259839129857552,0.0
1002,6.665683717782408,15.374452962957331,0.0
1003,6.659293919683638,15.564919956035201,0.0
1004,6.434546518787453,14.982687004012352,0.0
1005,6.659293919683638,15.391279995006581,0.0
1006,6.660575149839686,15.418956755874335,0.0
1007,6.665683717782408,15.517532209566221,0.0
1008,6.665683717782408,15.24572275653365,0.0
1009,6.434546518787453,14.90349995632847,0.0
1010,6.665683717782408,15.755307775351673,0.0
1011,6.659293919683638,15.629870697098045,0.0
1012,6.434546518787453,15.140706075467344,0.0
1013,6.659293919683638,14.950449954267379,0.0
1014,6.659293919683638,16.067760108306434,0.0
1015,6.659293919683638,15.36417543756957,0.0
1016,6.659293919683638,15.253907448452747,0.0
1017,6.643789733147672,15.52740360953435,0.0
1018,6.663132695990803,16.033322313144193,0.0
1019,6.436150368369428,15.547385017212283,0.0
1020,6.661854740545311,15.769154438759506,0.0
1021,6.647688373563329,15.737693867206234,0.0
1022,6.659293919683638,15.55706035599935,0.0
1023,6.660575149839686,15.383927081000282,0.0
1024,6.665683717782408,15.386251300172574,0.0
1025,6.655440350367647,15.566828168744534,0.0
1026,6.659293919683638,15.81659669683742,0.0
1027,6.436150368369428,15.915226184414198,0.0
1028,6.659293919683638,15.1202488168065,0.0
1029,6.660575149839686,15.256498812375558,0.0
1030,6.660575149839686,14.850943046459724,0.0
1031,6.659293919683638,15.143477734262135,0.0
1032,6.660575149839686,15.785730807437114,0.0
1033,6.665683717782408,16.20154218978938,0.0
1034,6.660575149839686,15.439432271903172,0.0
1035,6.660575149839686,15.151509810553835,0.0
1036,6.659293919683638,15.172441245303824,0.0
1037,6.660575149839686,15.499504213716195,0.0
1038,6.434546518787453,15.115183829558838,0.0
1039,6.646390514847729,15.657310203421847,0.0
1040,6.659293919683638,15.728803207443331,0.0
1041,6.434546518787453,15.150903126996955,0.0
1042,6.659293919683638,14.984346737881273,0.0
1043,6.660575149839686,15.740985756992377,0.0
1044,6.656726524178391,15.453596178107665,0.0
1045,6.784457062637643,15.710757139124713,0.0
1046,6.660575149839686,15.730183140727586,0.0
1047,6.655440350367647,15.148173366785269,0.0
1048,6.664409020350408,15.500548215020332,0.0
1049,6.434546518787453,14.72332829518655,0.0
1050,6.661854740545311,15.568392668419518,0.0
1051,6.642486801367256,15.562607681844439,0.0
1052,6.659293919683638,15.549439622911489,0.0
1053,6.665683717782408,15.761839190871576,0.0
1054,6.665683717782408,15.36961312317394,0.0
1055,6.664409020350408,15.63959651688665,0.0
1056,6.436150368369428,14.697440874280128,0.0
1057,6.665683717782408,15.432204878869141,0.0
1058,6.659293919683638,15.548606127736214,0.0
1059,6.665683717782408,15.703314785612555,0.0
1060,6.659293919683638,15.557375403331774,0.0
1061,6.656726524178391,15.561744453444096,0.0
1062,6.659293919683638,15.422998570578741,0.0
1063,6.665683717782408,15.024079782547183,0.0
1064,6.659293919683638,15.812371392723485,0.0
1065,6.434546518787453,14.775342655515045,0.0
1066,6.659293919683638,15.970359156193615,0.0
1067,6.434546518787453,15.090970839658947,0.0
1068,6.656726524178391,15.05419633467505,0.0
1069,6.663132695990803,15.410995985600334,0.0
1070,6.665683717782408,15.52302119449735,0.0
1071,6.665683717782408,15.368451343742205,0.0
1072,6.659293919683638,15.485906213194442,0.0
1073,6.659293919683638,15.550456612656806,0.0
1074,6.660575149839686,15.205316496273667,0.0
1075,6.665683717782408,16.01324011888593,0.0
1076,6.659293919683638,14.852247797524162,0.0
1077,6.659293919683638,15.067567563040383,0.0
1078,6.656726524178391,15.481305930226947,0.0
1079,6.661854740545311,15.729963947653506,0.0
1080,6.434546518787453,15.662177474321343,0.0
1081,6.630683385642372,15.316285842095983,0.0
1082,6.660575149839686,15.5193373168145,0.0
1083,6.661854740545311,15.206622048065864,0.0
1084,6.663132695990803,15.405604985680107,0.0
1085,6.665683717782408,15.595992002009652,0.0
1086,6.661854740545311,15.606612811273251,0.0
1087,6.665683717782408,15.409885186650488,0.0
1088,6.659293919683638,15.192003289674389,0.0
1089,6.659293919683638,15.884299814979002,0.0
1090,6.660575149839686,15.431605662043667,0.0
1091,6.665683717782408,15.685565979407201,0.0
1092,6.434546518787453,15.822308285856433,0.0
1093,6.660575149839686,15.687971902182731,0.0
1094,6.434546518787453,14.861240219749341,0.0
1095,6.663132695990803,15.134346940474806,0.0
1096,6.659293919683638,15.262578470986435,0.0
1097,6.849066282633458,16.03247392613651,0.0
1098,6.660575149839686,15.22708492010378,0.0
1099,6.795705775173515,15.749145676143975,0.0
1100,6.646390514847729,15.242796899156057,0.0
1101,6.665683717782408,15.871972325557984,0.0
1102,6.434546518787453,15.286604142732502,0.0
1103,6.661854740545311,15.181669811522546,0.0
1104,6.434546518787453,15.038407074041492,0.0
1105,6.659293919683638,15.08409147475625,0.0
1106,6.665683717782408,15.160194071834729,0.0
1107,6.436150368369428,15.171954546840219,0.0
1108,6.660575149839686,15.315713793191948,0.0
1109,6.434546518787453,14.935467421770632,0.0
1110,6.664409020350408,15.082031873420666,0.0
1111,6.659293919683638,15.224318818538368,0.0
1112,6.659293919683638,15.891733801473643,0.0
1113,6.665683717782408,15.463446422422747,0.0
1114,6.665683717782408,16.600681417092787,0.0
1115,6.661854740545311,15.409272237813337,0.0
